"طابع زمني","اسم الجهة","اسم الجهة الفرعي","مسؤولة التواصل في حال وجود استفسار","رقم جوال مسؤول التواصل","اسم البرنامج","وصف مختصر للبرنامج ","نوع البرنامج","مقر البرنامج","حضوري/ عن بعد","الموقع على خرائط جوجل","مكان البرنامج حسب الجهات:","الفئة  المستهدفة","أي ملاحظات على الفئات","تاريخ البداية","تاريخ النهاية","مدة البنامج","البرنامج هل هو مجاني او مدفوع","قيمة الرسوم","ملاحظات على الرسوم","الصق رابط التسجيل هنا","اي ملاحظات تودون كتابتها عن البرنامج","  ارفاق التصميم الإعلاني أو الملف التعريفي للمشروع   "
"2026/06/09 2:31:49 م غرينتش+3","مؤسسة عبير المسك","عبير المسك","سمية النمير","966558422527","فُلك فَلك","فُلك فَلك 
رحلة تبدأ من البحر 🌊 
وتنتهي بالنجوم 🪐 💫 
برنامج قيمي تربوي ترفيهي حضوري  للأطفال وللفتيات","برنامج(قيمي ـ تربوي)،","دار مسك بحي الجزيرة","حضوري","https://maps.app.goo.gl/98Rrb3NTn63jogAq7?g_st=ipc","شرق الرياض","متوسط;ثانوي;روضة تمهيدي ابتدائي","","2026-07-05","2026-07-22","ثلاثة اسابيع","مدفوع","480","خصم للمحموعات الشخص 450","https://salla.sa/Folk-falak","","https://drive.google.com/u/0/open?usp=forms_web&id=13nNep_L_xMvgV5ys5eQ7Tkw7nUK9Cmbn"
"2026/06/09 7:52:50 م غرينتش+3","جمعية التنمية الأهلية بالعزيزية","نادي ديم للفتيات","كريمة السلمي","0559156442","ثروة 3","برنامج صيفي مهاري ترفيهي يهف إلى توعية الفتاة على مقاصد الشريعة الكبرى  وقد كان حديثنا في الأعوام الماضية عن حفظ المال ثم حفظ النفس وفي هذا العام عن حفظ العقل  عن طريق لقاءات قيمية واجتماعية وفقرات ترفيهية في بيئة ملامة وتحت إشراف كادر تطوعي مدرب على مهارات التعامل مع الفتيات بصورة جيدة ","برنامج(قيمي ـ تربوي)،","نادي ديم للفتيات - حي الخالدية","حضوري","https://maps.app.goo.gl/dZLmYuQiebZwBsEE9","جنوب ووسط الرياض","متوسط;ثانوي;جامعي","","1448-01-20","1448-02-15","16 يوم / 46 ساعة ","مدفوع","330 مع الزي","خصم  10% للأخوات","  https://forms.gle/Gu8s1Uxd4DawK5Z88","","https://drive.google.com/u/0/open?usp=forms_web&id=1ppy6GevF6chaXbiNuz0MJX8TSmawFJjy"
"2026/06/10 8:45:16 ص غرينتش+3","جمعية مكنون لتحفيظ القران الكريم ","مدرسة أثر المسائية ","مسؤولة التسجيل ","966550034553","صيفُنا أثر ( صيف يُزهر أثرًا)","برنامج صيفي تربوي يهدف الى استثمار أوقات الفتيات خلال الإجازة الصيفية عبر بيئة تربوية امنة تجمع بين تعليم القرآن الكريم وتنمية القيم والمهارات وتعزيز الهوية ، بما يسهم في صناعة جيلٍ واعِ ومؤثر ومرتبط بكتاب الله .","برنامج(قيمي ـ تربوي)،","جامع محمّد الجحلان- بحي الياسمين ","حضوري","https://maps.app.goo.gl/pNQE9s8SYcibgonA7?g_st=ic","شمال الرياض","متوسط;ثانوي;جامعي;مافوق الجامعي;ابتدائي ","","2026-06-28","2026-07-22","16 يوم مدة ساعتين ونصف يوميًا","مدفوع","350","خصم للأخوات 10%","https://iwtsp.com/966550034553","","https://drive.google.com/u/0/open?usp=forms_web&id=1DkRutGiQ7OabuJFvXKeglhwMXucbbrN8"
"2026/06/10 10:38:29 ص غرينتش+3",".. دار المحمدية لتحفيظ القرآن الكريم التابعة لمكنون","فريق حياتي مشروع ","إدارة الدار","٠٥٧١٤٣٩٣٣٦     https://iwtsp.com/966571439336","نبض","في زمن تشتّتت فيه القلوب بين ضجيج الدنيا وتسارعها، يأتي مركزنا ""نبض"" ليعيد للفؤاد وجهته الأولى؛ إلى قلب حي، مستجيب. قلب إذا سمع آيات الله خشع، وإذا ذكر الله اطمأنّ، وإذا دعي إلى الحق لبّى.
​في ""نبض"" نعيد ضبط إيقاع قلوبنا، ليكون كما أراد الله له، توجهنا بوصلة سورة الأنفال السورة التي تكرّر فيها ذكر القلب، وكشفت ملامح القلوب المؤمنة الأولى، تلك القلوب التي أحياها الإيمان فاستجابت، وثبتت، وأبصرت بنور الله.
​حياتي مشروع (صيف نبض)
​في ""نبض""، ندرس سورة الأنفال؛ نتتبع فيها أسرار الحياة القلبية:
​ما الذي يحيي القلب؟
​كيف يلين بعد قسوته؟
​كيف يصبح أكثر حضورًا مع الله، وأكثر صدقًا واستجابة؟
​وسط أجواء إيمانية دافئة، ورفقة صالحة، وبرامج متنوعة، نعيش رحلة تعانق قلوبنا قبل عقولنا، لنخرج منها بقلب أكثر حياة، وأكثر قربا من الله.
​نبض: لأن القلب إذا حيي... استقام كل شيء.","نادي","حي المحمدية شمال الرياض ","حضوري","https://goo.gl/maps/KAgdGEK1M1cMPNjC6","شمال الرياض","متوسط;ثانوي;جامعي","","2026-07-05","2026-07-23","٣ اسابيع.. ١٥ يوم ","مدفوع","600﷼","الطباعة على التيشيرت. ","https://forms.gle/hd1kKQpkX3hDLm367","في صيف *نبض*،
رحلة قلبٍ يسمع ويستجيب، فيَحيا. 


 *للتسجيل* : 🔗
https://forms.gle/hd1kKQpkX3hDLm367
> انضمي ، ففي صيفنا ما يُحييك 💚

🔗للاستفسارات : 
https://iwtsp.com/966571439336","https://drive.google.com/u/0/open?usp=forms_web&id=1dr_6uTspmxUz3Ku1302cnqDrdW4sKsH-"
"2026/06/10 5:46:43 م غرينتش+3","مركز الرسالة للفتيات -جمعية التنمية بحي الملك فهد","مركز الرسالة للفتيات","جوال المركز","+966 50 094 4460","صيف الرسالة","برامج صيفية لمختلف الفئات العمرية في بيئة آمنة يهدف الى تنمية وتطوير مهارات الفتيات في عدة مجالات ","نادي","مركز الرسالة للفتيات - حي الملك فهد","حضوري","https://maps.app.goo.gl/otHMWR2oVw5mXNZDA?g_st=ic","شمال الرياض","متوسط;ثانوي;جامعي;مافوق الجامعي;رياض الاطفال وابتدائي","","2026-07-05","2026-07-29","من الاحد الى الاربعاء من الساعة ٤ حتى ٨:٣٠ ","مدفوع","٥٠٠","خصم التسجيل المبكر للبرامج ٤٠٠ ريال -برنامج الجامعي ٢٠٠ ريال","https://reesalh.com/","","https://drive.google.com/u/0/open?usp=forms_web&id=1NJqI3LSYkPqEhUJ-z9UX8j1waIsANs3s"
"2026/06/11 7:46:31 ص غرينتش+3","جمعية وافر التعليمية","","إدارة جمعية وافر التعليمية","966565662150","دراية","مشروع نوعي علمي شرعي، يهدف إلى خدمة المهتمات بالتعليم والتأثير من خلال التأصيل العلمي والتنمية المهارية؛ لتحقيق كفاءة المخرجات في التفكير الناقد وحل المشكلات والتعامل بعلم وحكمة مع أسئلة الأجيال الناشئة.
من خلال إقامة لقاءات علمية، وجلسات نقاش مع نخبة من المتخصصين.","برنامج(قيمي ـ تربوي)،","عن بعد عبر الزوم","عن بعد","يقام عن بعد ","شمال الرياض;جنوب ووسط الرياض;شرق الرياض;غرب الرياض","جامعي;مافوق الجامعي;المهتمات بالتعليم والتأثير"," المهتمات بالتعليم والتأثير","2026-07-05","2026-07-09","5 أيام / 11ساعة  (من الأحد إلى الخميس) ","مدفوع","115 ","","https://waffir.org.sa/ngXVmBy","","https://drive.google.com/u/0/open?usp=forms_web&id=1OkvZtNj22Qt9UkzhDxWKdySiBQL5SMNm"
"2026/06/11 8:01:55 ص غرينتش+3","جمعية وافر التعليمية ","","إدارة جمعية وافر التعليمية ","966565662150","فجر","برنامج تعليمي قيمي مركز، قائم على استراتیجیة السرد القصصي، یھدف إلى تقریب السیرة النبویة للفتیات، وفق الخط الزمني لھا بدءًا من مولد رسول الله صلى الله عليه وسلم، وانتھاءً بقصة وفاته، من خلال قصص ومواقف من حیاته، مع التركیز على الجوانب الاخلاقیة والقیمیة والتربویة بشكل ممنھج وموازي؛ لترسیخ معاني الأنموذج الحي في حیاة الفتیات وتعزیز أثره على فكرهم وسلوكھم وبناء شخصیات قیادیة فاعلة.","برنامج(قيمي ـ تربوي)،","مقر جمعية وافر التعليمية - حي العقيق","حضوري","https://maps.app.goo.gl/r4Gr9h1LZoRKXHxh9","شمال الرياض","ثانوي;جامعي","","2026-06-28","2026-07-09","10 أيام / 30 ساعة / اسبوعان ","مدفوع","260","يوجد كود خصم  FAJR ","https://waffir.org.sa/PDgVOyq","لقاءات قيمية تعليمية منطلقة من السيرة النبوية ","https://drive.google.com/u/0/open?usp=forms_web&id=1v5eaKP1mxgJvoHaQkGUjYLJZ9JI_bVcc"
"2026/06/13 2:31:52 ص غرينتش+3","دار المحمدية لتحفيظ القران الكريم","فريق حياتي مشروع ","رقم فريق حياتي مشروع ","0571439336","صيف باسقة ","*في صيف باسقه 🌴*:
نصحبكم في رحلةٍ مع سيرة الحبيب محمد ﷺ، نتعرّف فيها على جوانب من حياته المباركة، وكيف كان يقضي أوقاته، ويتعامل مع من حوله.","برنامج(قيمي ـ تربوي)،","دار المحمدية لتحفيظ القران ","حضوري","https://goo.gl/maps/KAgdGEK1M1cMPNjC6","شمال الرياض","متوسط;ابتدائي","","2026-07-05","2026-07-23","","مدفوع","٦٠٠ ريال ","","https://forms.gle/hd1kKQpkX3hDLm367","","https://drive.google.com/u/0/open?usp=forms_web&id=1pMwPFL5yO8zL8J66f8Z3v1MEawXX0x-C"
"2026/06/13 7:41:42 م غرينتش+3","جمعية فتاة العشرين","لا يوجد","هتاف الذياب","966506477970","صحبة ٢","برنامج يُعنى بالمساهمة في نمذجة القدوات الإسلامية لفتاة العشرين نفسيا واجتماعيا من خلال لقاءات ودية ثرية بمواقف من السيرة بالإضافة إلى مسابقات مرتبطة بسردية القصص بطرق جاذبة ومنوعة بكل لقاء","برنامج(قيمي ـ تربوي)،","مدرسة الشيماء بنت الحارث ( حي الشفاء )","حضوري","https://maps.app.goo.gl/VtLAaZfMDjdpHiCD8?g_st=ic","جنوب ووسط الرياض","جامعي;مافوق الجامعي","","2026-06-22","2026-07-15","يوم الاثنين والأربعاء من كل أسبوع ( على مدار شهر ٨ لقاءات ) عدد الساعات ٢٠ ساعة","مدفوع","150 ريال","","https://store.fatat20.sa/pAGaGxg","","https://drive.google.com/u/0/open?usp=forms_web&id=1f2hKawEdCaQ3BllKZ2lldZ2hmNMvbx3X"
"2026/06/14 7:42:49 ص غرينتش+3","إثراء المعرفة","حلقات مرتقى إثراء","هيا السعدان","966551792932","حزمة مرتقى المعاهدة الصيفية","تتشرف إثراء المعرفة بتشريع أبواب المراجعة الصيفية في 
*«مرتقيات المعاهدة»* 
للحافظات المتقنات الراغبات بمراجعة *القرآن الكريم كاملًا أو أجزاء منه في شهر واحد!* ","آخر:","","حضوري","https://maps.app.goo.gl/nwPgqbbEZWJ1B5wB9?g_st=com.google.maps.preview.copy","شمال الرياض","جامعي;مافوق الجامعي","","2026-06-28","2026-07-22","يوميًا من الأحد وحتى الأربعاء لمدة شهر كامل، ثلاث ساعات يوميًا","مدفوع","150","","https://store.ethraa.ws/-/c561205537","","https://drive.google.com/u/0/open?usp=forms_web&id=1STsliOz1cLVnJQSDNHvc5J412pZcLWaq"
"2026/06/14 7:51:03 ص غرينتش+3","مركز الرواء العلمي للتدريب","مركز الرواء العلمي للتدريب","هيا السعدان","966551792932","برنامج تمكين | دورة مهارات التواصل والتفاعل لمعلمات القرآن الكريم","تهدف الدورة إلـــــى:
تنمية مهارات التواصل التربوي داخل الحلقة القرآنية، ومساعدة المعلمة على بناء علاقة إيجابية مؤثرة مع طالباتها، وفهم أنماطهن المختلفة، والتعامل مع المواقف الصفية بأساليب تربوية واعية.","دورة","مركز الرواء العلمي للتدريب، حي العقيق","حضوري","https://maps.app.goo.gl/Kc8A4hkCntGF7bNc6?g_st=com.google.maps.preview.copy","شمال الرياض","جامعي;مافوق الجامعي","","2026-07-02","2026-07-11","لمدة ٤ أيام (خميس وسبت), ١٦ ساعة ","مدفوع","90","","https://alrawaac.com/dbovaDP?s=tamkeen","> 🔖 ملاحظة: 
الدورة معتمدة في نظام فارس.","https://drive.google.com/u/0/open?usp=forms_web&id=17seesa182y8hL7bQLTDcKFDnnfnPBfD6"
"2026/06/14 8:36:17 ص غرينتش+3","جمعية نُجب التعليمية","جمعية نجب التعليمية","رزان الحازمي","966534914131","سرج","برنامج قيمي وتعليمي مخصص لفئة الصم، يهدف إلى تنمية المعارف والمهارات وتعزيز القيم بأساليب تعليمية تراعي احتياجاتهم وتدعم اندماجهم وتميزهم.","آخر:","مركز النماء وجمعية نجب بحي الجزيرة","حضوري","https://maps.app.goo.gl/DDPr5h9hTDb6uunC6?g_st=ic","شرق الرياض","متوسط فما فوق","فتيات الصم","2026-06-25","2026-07-23","كل خميس، لمدة ساعتين ونصف ","مجاني","قد تكون هناك رسوم رمزية لزيادة الإقبال","","https://forms.gle/BCSYLHkJibNhjAcY8","",""
"2026/06/14 8:48:01 ص غرينتش+3","جمعية نجب التعليمية","جمعية نجب التعليمية","رزان الحازمي","966534914131","ألق تِك","برنامج تقني قيمي يهدف إلى تنمية الوعي الرقمي وتعزيز الاستخدام الآمن والواعي للتقنية، عبر أنشطة تفاعلية وتجارب تعليمية ممتعة تناسب اهتمامات الفتيات.","آخر:","مركز النماء وجمعية نجب بحي الجزيرة","حضوري","https://maps.app.goo.gl/qmDxPKNeJpAyYZqX7?g_st=ic","شرق الرياض","متوسط وثانوي","","2026-07-19","2026-08-05","4 أيام بالأسبوع من الأحد إلى الأربعاء ","مدفوع","700","المجموعات 500","https://docs.google.com/forms/d/12ksLlM-mkL3VOxR4Y4WmZksUtgvErrvQ9NcDFz37OQU/edit?usp=drivesdk","",""
"2026/06/14 8:53:22 ص غرينتش+3","جمعية نجب التعليمية ","جمعية نجب التعليمية ","رزان الحازمي ","966534914131","حصن","برنامج تعليمي قيمي تفاعلي يجمع بين سرد القصص والأذكار والقيم والمهارات القرائية بأسلوب مشوق داخل أجواء مستوحاة من عالم القلاع، ليسهم في بناء شخصية متوازنة ومتميزة.
","برنامج(قيمي ـ تربوي)،","مركز النماء وجمعية نجب","حضوري","https://maps.app.goo.gl/rRuDswNCwaErrp5cA?g_st=ic","شرق الرياض","ابتدائي","","2026-07-05","2026-07-23","4 أيام 4 ساعات","مدفوع","300","خصم للمجموعات 10٪","https://docs.google.com/forms/d/1xUPe2rSacvOb2o0adAEYqi9uL4FfC9APoZAKwqRiBwo/edit?usp=drivesdk","",""
"2026/06/14 9:11:35 ص غرينتش+3","جمعية نجب التعليمية","جمعية نجب التعليمية ","رزان الحازمي ","966534914131","بواكير","برنامج تعليمي قيمي تأهيلي يُعنى بتنمية مهارات الأطفال الأساسية وإعدادهم لرحلتهم التعليمية، من خلال أنشطة إثرائية وتجارب تعلم ممتعة تناسب خصائصهم العمرية.","آخر:","مركز النماء وجمعية نجب بحي الجزيرة ","حضوري","https://maps.app.goo.gl/rRuDswNCwaErrp5cA?g_st=ic","شرق الرياض","المقلبين والمقبلات على الصف الأول الابتدائي","","2026-07-19","2026-08-06","5 أيام بالاسبوع  3 ساعات ونصف","مدفوع","900","","https://docs.google.com/forms/d/1Kw1xkvKJ959wrNkvzsoGOxOWEdUtQWwDUjXN3KJxihQ/edit?usp=drivesdk","البرنامج للبنين والبنات في الفترة الصباحية",""
"2026/06/14 9:17:48 ص غرينتش+3","جمعية نجب التعليمية","جمعية نجب التعليمية","رزان الحازمي ","966534914131","دورة اللغة الانقليزية","دورة تدريبية مكثفة تهدف إلى تطوير مهارات اللغة الإنجليزية وتعزيز الاستعداد لاختبار الآيلتس، من خلال أساليب تعليمية حديثة وتطبيقات عملية فعّالة.","دورة","مركز النماء وجمعية نجب بحي الجزيرة","حضوري","https://maps.app.goo.gl/rRuDswNCwaErrp5cA?g_st=ic","شرق الرياض","مافوق الجامعي","","2026-07-05","2026-06-15","8 أيام ","مدفوع","600","خصم 5٪","https://maps.app.goo.gl/rRuDswNCwaErrp5cA?g_st=ic","",""
"2026/06/14 6:10:20 م غرينتش+3","مركز وارث العلمي","مركز وارث العلمي","0546358580","996546358580","اللبنة الرابعة ","رحلة علمية متكاملة تهدف إلى بناء أساس شرعي راسخ وتنمية الوعي والمعرفة لدى الفتيات، من خلال دورة شرعية تجمع بين التفسير والسنة النبوية والتاريخ الإسلامي، إلى جانب ورش عمل تفاعلية ومهارية تثري التجربة التعليمية، في بيئة محفزة تعين على التعلم والتطبيق والارتقاء العلمي والتربوي.
","دورة","مركز وارث العلمي المقر النسائي","حضوري","https://share.google/i6Tuit7y8oLNJAtk4","شمال الرياض","ثانوي;جامعي","فئة الثانوي والجامعي","2026-06-28","2026-07-15","٤ أيام بالأسبوع من الأحد للأربعاء ","مجاني","0","","سيتم إرساله قريبا","",""
"2026/06/15 7:16:54 م غرينتش+3","شركة نبع للترفية","شركة نبع للترفية","شريفة محمد قاسم القاسمي","966530111005","صيف نبع 2026 كركبة الموسم الثالث","برنامج ترفيهي وقيمي ومهاري وتربوي لمرحلة رياض الأطفال يهدف الى التعليم بطريقة اللعب والتعلم وغرز المبادئ والقيم والاستفادة من اوقاتهم بالنفع والفائدة والاكتشاف والمغامرة .","برنامج(قيمي ـ تربوي)،","مدارس البيارق الاهلية","حضوري","https://maps.app.goo.gl/xs1PkAdR8rDE9H8h7?g_st=ic","شرق الرياض","رياض أطفال ","","2026-06-28","2026-08-06","6 أسابيع / ٥ ايام بالأسبوع/ ٥ ساعات من الأحد الى الخميس","مدفوع","799","التسجيل المبكر 799﷼ يوجد خصم للمجموعات ","https://nabae.com.sa/%D9%83%D8%B1%D9%83%D8%A8%D8%A9-%D8%A7%D9%84%D9%85%D9%88%D8%B3%D9%85-3/p1498701763","","https://drive.google.com/u/0/open?usp=forms_web&id=1T8tG5aKW4WMCadIHDX0tIiv3LRrClv-c"
"2026/06/15 7:26:47 م غرينتش+3","شركة نبع للترفيه ","شركة نبع للترفية ","افنان بنت صالح بن عاطف ","966550980849","برنامج ارجوحة ","برنامج صيفي تفاعلي هادف ، يجمع بين المتعة والتعلم من خلال الفقرات القيمية ، المهارية ، الترفيهية .","برنامج(قيمي ـ تربوي)،","مدرسة البيارق بحي الروابي ","حضوري","https://maps.app.goo.gl/d26Kwk4DNfQ5vGwt8?g_st=ic","شرق الرياض","ابتدائي","لا يوجد ","2026-06-28","2026-08-06","30  يوم ","مدفوع","849 للموسم الواحد ","خصم اخوات ","https://nabae.com.sa/","لا يوجد ","https://drive.google.com/u/0/open?usp=forms_web&id=11-ffJ94IF6LlNuCTb3-97Mo_W4L5wxgr"
"2026/06/15 8:01:40 م غرينتش+3","فريق فيض","","أحمد الفرهود ","0557821586 ","فيض الرواد","برنامج ترفيهي تربوي للمرحلة الابتدائية والمتوسطة 
ومن ضمن البرامج 
•أكاديمية كرة قدم 
•ألعاب مائية 
•تعليم صلاة ووضوء
•جوائز يومية","نادي","مدارس الرواد حي الروابي ","حضوري","https://maps.app.goo.gl/uZngbrihmLerEEj29?g_st=ic","شرق الرياض","الابتدائي والمتوسطة","","2026-06-28","2026-07-29","٢٠ يوم - ٥ ساعات يومياً","مدفوع","950","خصم للمجموعات ١٥٪؜","https://faydh2030.com/1","","https://drive.google.com/u/0/open?usp=forms_web&id=17jSAlOdYKamGgf7_x77yvuydqbLPOIMA"
"2026/06/15 11:32:41 م غرينتش+3","مؤسسة صاد","مؤسسة صاد ","سلمى صقر","‭+966507938632‬","صيف صاد","الرحمة... قيمة برنامجنا لهذا الصيف،
نغرسها معرفةً، ونحييها ممارسةً، ونصنع بها أثرً….","برنامج(قيمي ـ تربوي)،","روضة البيان/حي الصفا ","حضوري","https://maps.app.goo.gl/vR4xL7usBG2FA8DU9?g_st=ic","شرق الرياض","تمهيدي-ابتدائي","اولاد 4-6 سنوات / بنات 4-12 سنة","2026-07-05","2026-07-29","اربع اسابيع بواقع 16 يوم","مدفوع","749","خصم التسجيل المبكر 669/ خصم الاخوات","https://forms.gle/Unp798jRTX9r7phm6","","https://drive.google.com/u/0/open?usp=forms_web&id=1x3h1f2i1aaP9lCku2Fl3OeZGoUbGhfGB"
"2026/06/15 11:55:46 م غرينتش+3","شركة نبع لترفيه ","نبع الترفيه ","عهد العسيلان ","966505526330","معين ","تروس معين: برنامج يركز على قيمه الاعتماد على النفس و المسؤولية واتخاذ القرارات بمحتوى قيمي ديني واجتماعي، و تعلم مهارات و حرف يمكن الاستفادة منها في انشاء مشاريع صغيرة لتاسيس الاعتماد على النفس في الجانب المالي، الى جانب المحتوى الترفيهي المشوق. نجمع المتعه و الفائدة.","برنامج(قيمي ـ تربوي)،","مدارس البيارق الاهلية في حي الروابي ","حضوري","https://maps.app.goo.gl/gmof9BFV5tEee22m6?g_st=ic","شرق الرياض","متوسط;ثانوي;جامعي","","2026-06-28","2026-07-16","١٥ي/ ٧٥س/ ثلاث اسابيع ","مدفوع","849","خصم التسجيل المبكر ٧٩٩/  هناك خصم للمجموعات ","https://nabae.com.sa/%D9%85%D8%B9%D9%8A%D9%86-%D8%A7%D9%84%D9%85%D9%88%D8%B3%D9%85-3/p1599865297","","https://drive.google.com/u/0/open?usp=forms_web&id=1dV23HrL42STgkJfNEKXbnGBQv4_WQ0VV"
"2026/06/16 12:11:20 م غرينتش+3","جمعية مكارم الأخلاق ","أكاديمية مكارم للفتيات ","ريم الدريهم ","966508612958","محبرة","نبذة البرنامج : لأن الأعمار تُبنى من دقائقها، يأتي محبرة؛ يوقظ قيمة الوقت، ويعين على اغتنامه فيما يثمر وينفع","برنامج(قيمي ـ تربوي)،","أكاديمية مكارم للفتيات حي الروابي","حضوري","https://maps.app.goo.gl/E7vXES9z3kxQnkao6?g_st=iw","شرق الرياض","متوسط","","1448-01-07","1448-01-09","الأيام : 3 ايام   الساعات : 3 ساعات ونصف ","مدفوع","150","","https://forms.gle/bzR9PQ1u9eSYzjj66","","https://drive.google.com/u/0/open?usp=forms_web&id=143nWfR8iwUV13WG-IA_ENhYxjWTY6NWj"
"2026/06/16 5:40:19 م غرينتش+3","مكنون","","أروى الورهي ","966563888929","أثر","مبادرة قرآنية موجهة لطالبات حلقات الناشئة, تُنفذ خلال ٣ أسابيع, وتركز على غرس قيم: المبادرة, والصدق، والإحسان عبر أنشطة وورش تفاعلية.","برنامج(قيمي ـ تربوي)،","جميع مدارس مكنون الحضورية المفعلة للدورات الصيفية ","حضوري","https://erp.maknon.org.sa/portal/map?category_id=8&category_id=9","شمال الرياض;جنوب ووسط الرياض;شرق الرياض;غرب الرياض","متوسط;ثانوي","","2026-06-28","2026-07-30","٣ أسابيع ","مدفوع","رسوم مخفضة","","https://erp.maknon.org.sa/portal/map?category_id=8&category_id=9","","https://drive.google.com/u/0/open?usp=forms_web&id=10xGt-90NhrHeh6AUOx494k7fdGMzEO28"
"2026/06/16 5:45:40 م غرينتش+3","مكنون","","أروى الورهي","966563888929","أسماء الله الحسنى ","مشروع يهدف لتعزيز فهم أسماء اللّٰه الحسنى وتطبيق معانيها من خلال الآيات القرآنية.","برنامج(قيمي ـ تربوي)،","https://erp.maknon.org.sa/portal/map?","حضوري","https://erp.maknon.org.sa/portal/map?","شمال الرياض;جنوب ووسط الرياض;شرق الرياض;غرب الرياض","متوسط;ثانوي;جامعي;مافوق الجامعي","","2026-06-28","2026-07-30","٥ أسابيع ","مدفوع","رسوم مخفضة","","https://erp.maknon.org.sa/portal/map?","","https://drive.google.com/u/0/open?usp=forms_web&id=1Jlchi7qePyXwMhyNzYb0IjHo3urcIkv9"
"2026/06/16 5:51:31 م غرينتش+3","مكنون","","أروى الورهي","966563888929","مجالس آيات التعظيم ","برنامج تربوي يُنفذ ضمن الحلقات القرآنية، يهدف إلى غرس تعظيم كلام اللّٰه تعالى في النفوس، من خلال مدارسة آيات مختارة من القرآن الكريم، وقراءة تفسيرها من كتاب التفسير الميسر، والتأمل في معانيها، وربطها بالسلوك العملي؛ لتعزيز الارتباط بكتاب اللّه، وترسيخ مكانته في القلوب، وتحويل معانيه إلى أثرٍ يُرى في الحياة اليومية.","برنامج(قيمي ـ تربوي)،","https://erp.maknon.org.sa/portal/map?","حضوري","https://erp.maknon.org.sa/portal/map?","شمال الرياض;جنوب ووسط الرياض;شرق الرياض;غرب الرياض","متوسط;ثانوي;جامعي;مافوق الجامعي","","2026-06-28","2026-07-30","٥ أسابيع ","مدفوع","رسوم مخفضة ","","https://erp.maknon.org.sa/portal/map?","","https://drive.google.com/u/0/open?usp=forms_web&id=1HCoPlSDm34tFR5e0z-jR1Tt1djWDWrwK"
"2026/06/16 5:56:38 م غرينتش+3","مكنون","","أروى الورهي","966563888929","اكشف (معاني)","مسابقة قرآنية تهدف إلى فهم معاني آيات القرآن الكريم وتطبيقها في الحياة اليومية.","مسابقة","https://erp.maknon.org.sa/portal/map?","عن بعد","https://erp.maknon.org.sa/portal/map?","شمال الرياض;جنوب ووسط الرياض;شرق الرياض;غرب الرياض","متوسط;ثانوي;جامعي;مافوق الجامعي","","2026-06-28","2026-07-30","شهر","مدفوع","رسوم مخفضة","","https://erp.maknon.org.sa/portal/map?","","https://drive.google.com/u/0/open?usp=forms_web&id=1CgR1ctPNry5ZqaVCQPg2mn0taj5t5fiF"
"2026/06/16 6:02:32 م غرينتش+3","مكنون","","أروى الورهي","966563888929","تحبير","جائزة قرآنية تنافسية تعنى بجودة الأداء وإتقان الحفظ، وإبراز النماذج المتميزة من طالبات التمهيدي والابتدائي والناشئة, في بيئة تعزز التميز والارتباط بالقرآن الكريم.","مسابقة","https://erp.maknon.org.sa/portal/map?","حضوري","https://maps.app.goo.gl/CDLCjqoSqCpkdJtPA?g_st=ic","شرق الرياض","متوسط;ثانوي;تمهيدي","","2026-07-21","2026-08-04","٣ أسابيع ","مجاني","مجاني","","https://maps.app.goo.gl/CDLCjqoSqCpkdJtPA?g_st=ic","","https://drive.google.com/u/0/open?usp=forms_web&id=1cUfei5iTdGxz2k-NSgPKHvD3ct2jVmOQ"
"2026/06/16 6:06:57 م غرينتش+3","مكنون","","أروى الورهي","966563888929","اكشف (معاني)","مسابقة قرآنية تهدف إلى فهم معاني آيات القرآن الكريم وتطبيقها في الحياة اليومية.","مسابقة","مجتمع مكنون (واتساب)","عن بعد","مجتمع مكنون (واتساب)","","متوسط;ثانوي;جامعي;مافوق الجامعي","","2026-06-28","2026-07-30","شهر","مدفوع","رسوم مخفضة","","https://erp.maknon.org.sa/portal/map?","هذه الإجابة الصحيحة، يرجى إلغاء الإجابة السابقة (الحضورية)","https://drive.google.com/u/0/open?usp=forms_web&id=1U5woVRrLSCpU9hAu2fxsxPywVRRBPdGp"
"2026/06/16 6:11:58 م غرينتش+3","مكنون","","أروى الورهي","966563888929","ختمة","برنامج صيفي موجه لطالبات مدارس مكنون ، يهدف الى تشجيع مراجعة القران الكريم وختمه خلال الفترة الصيفية ، مع التركيز على القصص القرآنية واستخراج القيم والفوائد المستفادة منها ، ضمم خطة مرنة تراعي تفاوت مستويات الطالبات وإمكانية الالتحاق بالبرنامج في اي وقت خلال فترة التنفيذ .","دورة","المدارس الإفتراضية","عن بعد","المدارس الإفتراضية ","","الخاتمات، من قاربت على الختم من سبق لها الختم، طالبات حلقات الحفظ المكثف ١٠ أجزاء فما فوق","","2026-06-28","2026-07-30","٥ أسابيع","مدفوع","رسوم مخفضة","","https://erp.maknon.org.sa/portal/map?","","https://drive.google.com/u/0/open?usp=forms_web&id=1BKq7R_7kjV88YB1RxstkzoFZ4KLbDbdI"
"2026/06/16 10:10:15 م غرينتش+3","جمعية شموخ ","نادي سمَق للفتيات","ريناد باخلعة","966537812336","مرسى سمَق الصيفي","برنامج صيفي قيمي يُثري التجارب، ويعزّز القيم، وينمّي المهارات في أجواء ملهمة وممتعة 🌊🪻","برنامج(قيمي ـ تربوي)،","ينفذ في فرعين في الشفا... ١- اكاديمية التبيان في حي بدر ٢- مجمع الموسى في حي التلال ","حضوري","موقع أكاديمية التبيان للتدريب والتطوير📍 https://maps.app.goo.gl/oQ5Bku4VEjsKnuxs8?g_st=ipc  موقع مجمع الموسى📍 https://maps.app.goo.gl/9ooSFjr9x37pD7A96?g_st=ipc","جنوب ووسط الرياض","متوسط;ثانوي;خامس وسادس","","2026-07-02","2026-07-30","شهر","مدفوع","٦٠٠ - ٥٠٠ ريال ","خصم خاص للأخوات","https://forms.gle/3XpmeAftoadDhwsr9","","https://drive.google.com/u/0/open?usp=forms_web&id=1xXkkQmvEGTNfZaPuKApazYsUJ0PivhdY"
"2026/06/17 6:36:37 ص غرينتش+3","شركة عالم تكوين للاستشارات التربوية والتعليمية","","الهنوف بنت عبد الرحمن المكيرش ","966506466528","إجلال","برنامج تربوي؛ يعرّف الفتاة المسلمة عن أسماء الله الحسنى ومعانيها، بقالب تفاعلي يضمّ جلسات إيمانية، وورش فنيّة، وتحديّات مشوقّة. ","برنامج(قيمي ـ تربوي)،","مقر عالم تكوين - حي الروابي ","حضوري","https://maps.app.goo.gl/nBihwnoUY3o5E1Z69?g_st=ic","شرق الرياض","الابتدائية العليا ","","2026-06-28","2026-07-08","٨ أيام؛ بمجمل ٣٢ ساعة. ","مدفوع","400","","https://forms.gle/yTFjSrKzkXG4j3pCA","","https://drive.google.com/u/0/open?usp=forms_web&id=1omrFZrt8_ruExXxN3WIGoiUa1B8lDTSf"
"2026/06/17 9:11:55 ص غرينتش+3","جمعية وافر التعليمية","","الإدارة ","966565662150","المجالس المعرفية ","*تعلن جمعية وافر التعليمية عن فتح باب التسجيل في*
> [*المجالس المعرفية*] 📚
المعنية بمدارسة الأحاديث النبوية، واستجلاء ما تضمنته من معانٍ تربوية وأحكامٍ وآداب.

> للتفاصيل والتسجيل 🔗:
https://waffir.org.sa/VDenvaj","برنامج(قيمي ـ تربوي)،","عن بعد ","عن بعد","عن بعد ",""," 20 فأعلى","","2026-07-12","2026-07-23","","مدفوع","190﷼","","https://waffir.org.sa/VDenvaj","","https://drive.google.com/u/0/open?usp=forms_web&id=1xPi2QZeQqvljCZLl4MpoNTZ_dVlrBVLd"
"2026/06/17 10:07:58 ص غرينتش+3","شركة آسية الوقفية ","مركز رَوح ","خدمة العملاء ","966532340431","حِلية ","برنامج صيفي ترفيهي تربوي مكثف، يهدف إلى غرس قيمة الحياء بشكل عميق من خلال أنشطة تفاعلية وورش عمل إبداعية، ضمن بيئة محفزة وجذابة للفتيات.","برنامج(قيمي ـ تربوي)،","بحي غرناطة - دار غاية ","حضوري","https://maps.app.goo.gl/quKp6YcGRxrgdfHs5?g_st=com.google.maps.preview.copy","شمال الرياض;شرق الرياض","متوسط","","2026-07-05","2026-07-16","اسبوعين بمعدل 10 أيام من الساعة 4:30 إلى 8م ","مدفوع","540","التسجيل متاح نصف المدة(اسبوع ٣٤٠) والمدة كاملة(اسبوعين ٥٤٠)","https://asyehalwakfiah.com/","","https://drive.google.com/u/0/open?usp=forms_web&id=1MW31SFx2FqxmJ_RsDbcwKrNxBxO20kx9"